GameId,Games,Year,Season,City
1,2008 Summer,2008,Summer,Beijing
2,2012 Summer,2012,Summer,London
3,2012 Summer,2012,Summer,London
4,2012 Summer,2012,Summer,London
5,2016 Summer,2016,Summer,Rio de Janeiro
6,2016 Summer,2016,Summer,Rio de Janeiro
7,2012 Summer,2012,Summer,London
8,2012 Summer,2012,Summer,London
9,2004 Summer,2004,Summer,Athina
10,2000 Summer,2000,Summer,Sydney
11,2004 Summer,2004,Summer,Athina
12,2012 Summer,2012,Summer,London
13,2012 Summer,2012,Summer,London
14,2004 Summer,2004,Summer,Athina
15,2012 Summer,2012,Summer,London
16,2012 Summer,2012,Summer,London
17,2008 Summer,2008,Summer,Beijing
18,2000 Summer,2000,Summer,Sydney
19,2004 Summer,2004,Summer,Athina
20,2008 Summer,2008,Summer,Beijing
21,2000 Summer,2000,Summer,Sydney
22,2016 Summer,2016,Summer,Rio de Janeiro
23,2016 Summer,2016,Summer,Rio de Janeiro
24,2016 Summer,2016,Summer,Rio de Janeiro
25,2004 Summer,2004,Summer,Athina
26,2012 Summer,2012,Summer,London
27,2000 Summer,2000,Summer,Sydney
28,2004 Summer,2004,Summer,Athina
29,2004 Summer,2004,Summer,Athina
30,2012 Summer,2012,Summer,London
31,2016 Summer,2016,Summer,Rio de Janeiro
32,2000 Summer,2000,Summer,Sydney
33,2000 Summer,2000,Summer,Sydney
34,2004 Summer,2004,Summer,Athina
35,2000 Summer,2000,Summer,Sydney
36,2000 Summer,2000,Summer,Sydney
37,2016 Summer,2016,Summer,Rio de Janeiro
38,2016 Summer,2016,Summer,Rio de Janeiro
39,2008 Summer,2008,Summer,Beijing
40,2012 Summer,2012,Summer,London
41,2008 Summer,2008,Summer,Beijing
42,2012 Summer,2012,Summer,London
43,2000 Summer,2000,Summer,Sydney
44,2004 Summer,2004,Summer,Athina
45,2000 Summer,2000,Summer,Sydney
46,2004 Summer,2004,Summer,Athina
47,2000 Summer,2000,Summer,Sydney
48,2000 Summer,2000,Summer,Sydney
49,2016 Summer,2016,Summer,Rio de Janeiro
50,2008 Summer,2008,Summer,Beijing
51,2008 Summer,2008,Summer,Beijing
52,2012 Summer,2012,Summer,London
53,2012 Summer,2012,Summer,London
54,2004 Summer,2004,Summer,Athina
55,2012 Summer,2012,Summer,London
56,2016 Summer,2016,Summer,Rio de Janeiro
57,2012 Summer,2012,Summer,London
58,2016 Summer,2016,Summer,Rio de Janeiro
59,2016 Summer,2016,Summer,Rio de Janeiro
60,2008 Summer,2008,Summer,Beijing
61,2012 Summer,2012,Summer,London
62,2000 Summer,2000,Summer,Sydney
63,2000 Summer,2000,Summer,Sydney
64,2004 Summer,2004,Summer,Athina
65,2012 Summer,2012,Summer,London
66,2016 Summer,2016,Summer,Rio de Janeiro
67,2016 Summer,2016,Summer,Rio de Janeiro
68,2012 Summer,2012,Summer,London
69,2008 Summer,2008,Summer,Beijing
70,2008 Summer,2008,Summer,Beijing
71,2008 Summer,2008,Summer,Beijing
72,2012 Summer,2012,Summer,London
73,2004 Summer,2004,Summer,Athina
74,2000 Summer,2000,Summer,Sydney
75,2016 Summer,2016,Summer,Rio de Janeiro
76,2012 Summer,2012,Summer,London
77,2016 Summer,2016,Summer,Rio de Janeiro
78,2016 Summer,2016,Summer,Rio de Janeiro
79,2016 Summer,2016,Summer,Rio de Janeiro
80,2012 Summer,2012,Summer,London
81,2016 Summer,2016,Summer,Rio de Janeiro
82,2000 Summer,2000,Summer,Sydney
83,2012 Summer,2012,Summer,London
84,2016 Summer,2016,Summer,Rio de Janeiro
85,2016 Summer,2016,Summer,Rio de Janeiro
86,2016 Summer,2016,Summer,Rio de Janeiro
87,2016 Summer,2016,Summer,Rio de Janeiro
88,2004 Summer,2004,Summer,Athina
89,2008 Summer,2008,Summer,Beijing
90,2016 Summer,2016,Summer,Rio de Janeiro
91,2016 Summer,2016,Summer,Rio de Janeiro
92,2012 Summer,2012,Summer,London
93,2012 Summer,2012,Summer,London
94,2012 Summer,2012,Summer,London
95,2016 Summer,2016,Summer,Rio de Janeiro
96,2004 Summer,2004,Summer,Athina
97,2000 Summer,2000,Summer,Sydney
98,2012 Summer,2012,Summer,London
99,2016 Summer,2016,Summer,Rio de Janeiro
100,2004 Summer,2004,Summer,Athina
101,2004 Summer,2004,Summer,Athina
102,2008 Summer,2008,Summer,Beijing
103,2012 Summer,2012,Summer,London
104,2004 Summer,2004,Summer,Athina
105,2008 Summer,2008,Summer,Beijing
106,2000 Summer,2000,Summer,Sydney
107,2012 Summer,2012,Summer,London
108,2016 Summer,2016,Summer,Rio de Janeiro
109,2008 Summer,2008,Summer,Beijing
110,2008 Summer,2008,Summer,Beijing
111,2004 Summer,2004,Summer,Athina
112,2008 Summer,2008,Summer,Beijing
113,2016 Summer,2016,Summer,Rio de Janeiro
114,2016 Summer,2016,Summer,Rio de Janeiro
115,2000 Summer,2000,Summer,Sydney
116,2000 Summer,2000,Summer,Sydney
117,2004 Summer,2004,Summer,Athina
118,2004 Summer,2004,Summer,Athina
119,2008 Summer,2008,Summer,Beijing
120,2008 Summer,2008,Summer,Beijing
121,2004 Summer,2004,Summer,Athina
122,2004 Summer,2004,Summer,Athina
123,2008 Summer,2008,Summer,Beijing
124,2008 Summer,2008,Summer,Beijing
125,2012 Summer,2012,Summer,London
126,2000 Summer,2000,Summer,Sydney
127,2000 Summer,2000,Summer,Sydney
128,2000 Summer,2000,Summer,Sydney
129,2004 Summer,2004,Summer,Athina
130,2008 Summer,2008,Summer,Beijing
131,2000 Summer,2000,Summer,Sydney
132,2004 Summer,2004,Summer,Athina
133,2012 Summer,2012,Summer,London
134,2016 Summer,2016,Summer,Rio de Janeiro
135,2016 Summer,2016,Summer,Rio de Janeiro
136,2000 Summer,2000,Summer,Sydney
137,2012 Summer,2012,Summer,London
138,2000 Summer,2000,Summer,Sydney
139,2012 Summer,2012,Summer,London
140,2012 Summer,2012,Summer,London
141,2000 Summer,2000,Summer,Sydney
142,2004 Summer,2004,Summer,Athina
143,2004 Summer,2004,Summer,Athina
144,2008 Summer,2008,Summer,Beijing
145,2000 Summer,2000,Summer,Sydney
146,2012 Summer,2012,Summer,London
147,2012 Summer,2012,Summer,London
148,2000 Summer,2000,Summer,Sydney
149,2016 Summer,2016,Summer,Rio de Janeiro
150,2012 Summer,2012,Summer,London
151,2016 Summer,2016,Summer,Rio de Janeiro
152,2012 Summer,2012,Summer,London
153,2012 Summer,2012,Summer,London
154,2016 Summer,2016,Summer,Rio de Janeiro
155,2016 Summer,2016,Summer,Rio de Janeiro
156,2000 Summer,2000,Summer,Sydney
157,2004 Summer,2004,Summer,Athina
158,2000 Summer,2000,Summer,Sydney
159,2004 Summer,2004,Summer,Athina
160,2004 Summer,2004,Summer,Athina
161,2008 Summer,2008,Summer,Beijing
162,2004 Summer,2004,Summer,Athina
163,2008 Summer,2008,Summer,Beijing
164,2016 Summer,2016,Summer,Rio de Janeiro
165,2004 Summer,2004,Summer,Athina
166,2016 Summer,2016,Summer,Rio de Janeiro
167,2012 Summer,2012,Summer,London
168,2004 Summer,2004,Summer,Athina
169,2004 Summer,2004,Summer,Athina
170,2016 Summer,2016,Summer,Rio de Janeiro
171,2000 Summer,2000,Summer,Sydney
172,2000 Summer,2000,Summer,Sydney
173,2008 Summer,2008,Summer,Beijing
174,2004 Summer,2004,Summer,Athina
175,2000 Summer,2000,Summer,Sydney
176,2004 Summer,2004,Summer,Athina
177,2000 Summer,2000,Summer,Sydney
178,2008 Summer,2008,Summer,Beijing
179,2012 Summer,2012,Summer,London
180,2016 Summer,2016,Summer,Rio de Janeiro
181,2004 Summer,2004,Summer,Athina
182,2000 Summer,2000,Summer,Sydney
183,2000 Summer,2000,Summer,Sydney
184,2016 Summer,2016,Summer,Rio de Janeiro
185,2000 Summer,2000,Summer,Sydney
186,2000 Summer,2000,Summer,Sydney
187,2004 Summer,2004,Summer,Athina
188,2000 Summer,2000,Summer,Sydney
189,2008 Summer,2008,Summer,Beijing
190,2008 Summer,2008,Summer,Beijing
191,2004 Summer,2004,Summer,Athina
192,2008 Summer,2008,Summer,Beijing
193,2016 Summer,2016,Summer,Rio de Janeiro
194,2004 Summer,2004,Summer,Athina
195,2016 Summer,2016,Summer,Rio de Janeiro
196,2004 Summer,2004,Summer,Athina
197,2012 Summer,2012,Summer,London
198,2004 Summer,2004,Summer,Athina
199,2012 Summer,2012,Summer,London
200,2016 Summer,2016,Summer,Rio de Janeiro
201,2004 Summer,2004,Summer,Athina
202,2008 Summer,2008,Summer,Beijing
203,2016 Summer,2016,Summer,Rio de Janeiro
204,2016 Summer,2016,Summer,Rio de Janeiro
205,2012 Summer,2012,Summer,London
206,2008 Summer,2008,Summer,Beijing
207,2008 Summer,2008,Summer,Beijing
208,2012 Summer,2012,Summer,London
209,2012 Summer,2012,Summer,London
210,2008 Summer,2008,Summer,Beijing
211,2012 Summer,2012,Summer,London
212,2004 Summer,2004,Summer,Athina
213,2008 Summer,2008,Summer,Beijing
214,2012 Summer,2012,Summer,London
215,2016 Summer,2016,Summer,Rio de Janeiro
216,2016 Summer,2016,Summer,Rio de Janeiro
217,2000 Summer,2000,Summer,Sydney
218,2016 Summer,2016,Summer,Rio de Janeiro
219,2008 Summer,2008,Summer,Beijing
220,2004 Summer,2004,Summer,Athina
221,2004 Summer,2004,Summer,Athina
222,2008 Summer,2008,Summer,Beijing
223,2008 Summer,2008,Summer,Beijing
224,2000 Summer,2000,Summer,Sydney
225,2012 Summer,2012,Summer,London
226,2000 Summer,2000,Summer,Sydney
227,2000 Summer,2000,Summer,Sydney
228,2004 Summer,2004,Summer,Athina
229,2016 Summer,2016,Summer,Rio de Janeiro
230,2008 Summer,2008,Summer,Beijing
231,2000 Summer,2000,Summer,Sydney
232,2000 Summer,2000,Summer,Sydney
233,2004 Summer,2004,Summer,Athina
234,2000 Summer,2000,Summer,Sydney
235,2000 Summer,2000,Summer,Sydney
236,2004 Summer,2004,Summer,Athina
237,2008 Summer,2008,Summer,Beijing
238,2004 Summer,2004,Summer,Athina
239,2004 Summer,2004,Summer,Athina
240,2004 Summer,2004,Summer,Athina
241,2012 Summer,2012,Summer,London
242,2008 Summer,2008,Summer,Beijing
243,2012 Summer,2012,Summer,London
244,2008 Summer,2008,Summer,Beijing
245,2016 Summer,2016,Summer,Rio de Janeiro
246,2004 Summer,2004,Summer,Athina
247,2004 Summer,2004,Summer,Athina
248,2004 Summer,2004,Summer,Athina
249,2000 Summer,2000,Summer,Sydney
250,2016 Summer,2016,Summer,Rio de Janeiro
251,2000 Summer,2000,Summer,Sydney
252,2000 Summer,2000,Summer,Sydney
253,2004 Summer,2004,Summer,Athina
254,2008 Summer,2008,Summer,Beijing
255,2000 Summer,2000,Summer,Sydney
256,2004 Summer,2004,Summer,Athina
257,2008 Summer,2008,Summer,Beijing
258,2008 Summer,2008,Summer,Beijing
259,2000 Summer,2000,Summer,Sydney
260,2004 Summer,2004,Summer,Athina
261,2016 Summer,2016,Summer,Rio de Janeiro
262,2000 Summer,2000,Summer,Sydney
263,2012 Summer,2012,Summer,London
264,2008 Summer,2008,Summer,Beijing
265,2016 Summer,2016,Summer,Rio de Janeiro
266,2016 Summer,2016,Summer,Rio de Janeiro
267,2016 Summer,2016,Summer,Rio de Janeiro
268,2012 Summer,2012,Summer,London
269,2016 Summer,2016,Summer,Rio de Janeiro
270,2008 Summer,2008,Summer,Beijing
271,2004 Summer,2004,Summer,Athina
272,2000 Summer,2000,Summer,Sydney
273,2000 Summer,2000,Summer,Sydney
274,2008 Summer,2008,Summer,Beijing
275,2000 Summer,2000,Summer,Sydney
276,2008 Summer,2008,Summer,Beijing
277,2012 Summer,2012,Summer,London
278,2012 Summer,2012,Summer,London
279,2000 Summer,2000,Summer,Sydney
280,2008 Summer,2008,Summer,Beijing
281,2012 Summer,2012,Summer,London
282,2004 Summer,2004,Summer,Athina
283,2008 Summer,2008,Summer,Beijing
284,2012 Summer,2012,Summer,London
285,2012 Summer,2012,Summer,London
286,2008 Summer,2008,Summer,Beijing
287,2012 Summer,2012,Summer,London
288,2016 Summer,2016,Summer,Rio de Janeiro
289,2012 Summer,2012,Summer,London
290,2008 Summer,2008,Summer,Beijing
291,2012 Summer,2012,Summer,London
292,2008 Summer,2008,Summer,Beijing
293,2008 Summer,2008,Summer,Beijing
294,2008 Summer,2008,Summer,Beijing
295,2000 Summer,2000,Summer,Sydney
296,2000 Summer,2000,Summer,Sydney
297,2004 Summer,2004,Summer,Athina
298,2016 Summer,2016,Summer,Rio de Janeiro
299,2000 Summer,2000,Summer,Sydney
300,2004 Summer,2004,Summer,Athina
301,2004 Summer,2004,Summer,Athina
302,2008 Summer,2008,Summer,Beijing
303,2004 Summer,2004,Summer,Athina
304,2004 Summer,2004,Summer,Athina
305,2008 Summer,2008,Summer,Beijing
306,2000 Summer,2000,Summer,Sydney
307,2000 Summer,2000,Summer,Sydney
308,2000 Summer,2000,Summer,Sydney
309,2008 Summer,2008,Summer,Beijing
310,2008 Summer,2008,Summer,Beijing
311,2000 Summer,2000,Summer,Sydney
312,2000 Summer,2000,Summer,Sydney
313,2004 Summer,2004,Summer,Athina
314,2000 Summer,2000,Summer,Sydney
315,2004 Summer,2004,Summer,Athina
316,2004 Summer,2004,Summer,Athina
317,2004 Summer,2004,Summer,Athina
318,2008 Summer,2008,Summer,Beijing
319,2008 Summer,2008,Summer,Beijing
320,2008 Summer,2008,Summer,Beijing
321,2000 Summer,2000,Summer,Sydney
322,2000 Summer,2000,Summer,Sydney
323,2004 Summer,2004,Summer,Athina
324,2004 Summer,2004,Summer,Athina
325,2016 Summer,2016,Summer,Rio de Janeiro
326,2000 Summer,2000,Summer,Sydney
327,2004 Summer,2004,Summer,Athina
328,2008 Summer,2008,Summer,Beijing
329,2012 Summer,2012,Summer,London
330,2004 Summer,2004,Summer,Athina
331,2000 Summer,2000,Summer,Sydney
332,2000 Summer,2000,Summer,Sydney
333,2000 Summer,2000,Summer,Sydney
334,2004 Summer,2004,Summer,Athina
335,2012 Summer,2012,Summer,London
336,2012 Summer,2012,Summer,London
337,2016 Summer,2016,Summer,Rio de Janeiro
338,2016 Summer,2016,Summer,Rio de Janeiro
339,2016 Summer,2016,Summer,Rio de Janeiro
340,2012 Summer,2012,Summer,London
341,2000 Summer,2000,Summer,Sydney
342,2000 Summer,2000,Summer,Sydney
343,2000 Summer,2000,Summer,Sydney
344,2004 Summer,2004,Summer,Athina
345,2008 Summer,2008,Summer,Beijing
346,2012 Summer,2012,Summer,London
347,2004 Summer,2004,Summer,Athina
348,2012 Summer,2012,Summer,London
349,2012 Summer,2012,Summer,London
350,2000 Summer,2000,Summer,Sydney
351,2012 Summer,2012,Summer,London
352,2016 Summer,2016,Summer,Rio de Janeiro
353,2012 Summer,2012,Summer,London
354,2008 Summer,2008,Summer,Beijing
355,2004 Summer,2004,Summer,Athina
356,2012 Summer,2012,Summer,London
357,2016 Summer,2016,Summer,Rio de Janeiro
358,2012 Summer,2012,Summer,London
359,2012 Summer,2012,Summer,London
360,2008 Summer,2008,Summer,Beijing
361,2008 Summer,2008,Summer,Beijing
362,2012 Summer,2012,Summer,London
363,2012 Summer,2012,Summer,London
364,2000 Summer,2000,Summer,Sydney
365,2004 Summer,2004,Summer,Athina
366,2016 Summer,2016,Summer,Rio de Janeiro
367,2016 Summer,2016,Summer,Rio de Janeiro
368,2008 Summer,2008,Summer,Beijing
369,2016 Summer,2016,Summer,Rio de Janeiro
370,2008 Summer,2008,Summer,Beijing
371,2012 Summer,2012,Summer,London
372,2000 Summer,2000,Summer,Sydney
373,2008 Summer,2008,Summer,Beijing
374,2004 Summer,2004,Summer,Athina
375,2008 Summer,2008,Summer,Beijing
376,2008 Summer,2008,Summer,Beijing
377,2012 Summer,2012,Summer,London
378,2012 Summer,2012,Summer,London
379,2012 Summer,2012,Summer,London
380,2008 Summer,2008,Summer,Beijing
381,2012 Summer,2012,Summer,London
382,2016 Summer,2016,Summer,Rio de Janeiro
383,2016 Summer,2016,Summer,Rio de Janeiro
384,2000 Summer,2000,Summer,Sydney
385,2004 Summer,2004,Summer,Athina
386,2012 Summer,2012,Summer,London
387,2000 Summer,2000,Summer,Sydney
388,2008 Summer,2008,Summer,Beijing
389,2016 Summer,2016,Summer,Rio de Janeiro
390,2004 Summer,2004,Summer,Athina
391,2008 Summer,2008,Summer,Beijing
392,2008 Summer,2008,Summer,Beijing
393,2000 Summer,2000,Summer,Sydney
394,2012 Summer,2012,Summer,London
395,2016 Summer,2016,Summer,Rio de Janeiro
396,2016 Summer,2016,Summer,Rio de Janeiro
397,2016 Summer,2016,Summer,Rio de Janeiro
398,2000 Summer,2000,Summer,Sydney
399,2016 Summer,2016,Summer,Rio de Janeiro
400,2008 Summer,2008,Summer,Beijing
401,2004 Summer,2004,Summer,Athina
402,2012 Summer,2012,Summer,London
403,2016 Summer,2016,Summer,Rio de Janeiro
404,2000 Summer,2000,Summer,Sydney
405,2012 Summer,2012,Summer,London
406,2012 Summer,2012,Summer,London
407,2016 Summer,2016,Summer,Rio de Janeiro
408,2012 Summer,2012,Summer,London
409,2016 Summer,2016,Summer,Rio de Janeiro
410,2016 Summer,2016,Summer,Rio de Janeiro
411,2008 Summer,2008,Summer,Beijing
412,2012 Summer,2012,Summer,London
413,2004 Summer,2004,Summer,Athina
414,2004 Summer,2004,Summer,Athina
415,2004 Summer,2004,Summer,Athina
416,2008 Summer,2008,Summer,Beijing
417,2016 Summer,2016,Summer,Rio de Janeiro
418,2000 Summer,2000,Summer,Sydney
419,2016 Summer,2016,Summer,Rio de Janeiro
420,2000 Summer,2000,Summer,Sydney
421,2008 Summer,2008,Summer,Beijing
422,2016 Summer,2016,Summer,Rio de Janeiro
423,2012 Summer,2012,Summer,London
424,2000 Summer,2000,Summer,Sydney
425,2004 Summer,2004,Summer,Athina
426,2000 Summer,2000,Summer,Sydney
427,2004 Summer,2004,Summer,Athina
428,2000 Summer,2000,Summer,Sydney
429,2012 Summer,2012,Summer,London
430,2012 Summer,2012,Summer,London
431,2016 Summer,2016,Summer,Rio de Janeiro
432,2016 Summer,2016,Summer,Rio de Janeiro
433,2016 Summer,2016,Summer,Rio de Janeiro
434,2012 Summer,2012,Summer,London
435,2012 Summer,2012,Summer,London
436,2004 Summer,2004,Summer,Athina
437,2016 Summer,2016,Summer,Rio de Janeiro
438,2004 Summer,2004,Summer,Athina
439,2016 Summer,2016,Summer,Rio de Janeiro
440,2004 Summer,2004,Summer,Athina
441,2004 Summer,2004,Summer,Athina
442,2000 Summer,2000,Summer,Sydney
443,2004 Summer,2004,Summer,Athina
444,2012 Summer,2012,Summer,London
445,2000 Summer,2000,Summer,Sydney
446,2008 Summer,2008,Summer,Beijing
447,2004 Summer,2004,Summer,Athina
448,2008 Summer,2008,Summer,Beijing
449,2012 Summer,2012,Summer,London
450,2008 Summer,2008,Summer,Beijing
451,2000 Summer,2000,Summer,Sydney
452,2016 Summer,2016,Summer,Rio de Janeiro
453,2004 Summer,2004,Summer,Athina
454,2008 Summer,2008,Summer,Beijing
455,2012 Summer,2012,Summer,London
456,2016 Summer,2016,Summer,Rio de Janeiro
457,2016 Summer,2016,Summer,Rio de Janeiro
458,2000 Summer,2000,Summer,Sydney
459,2000 Summer,2000,Summer,Sydney
460,2016 Summer,2016,Summer,Rio de Janeiro
461,2004 Summer,2004,Summer,Athina
462,2004 Summer,2004,Summer,Athina
463,2004 Summer,2004,Summer,Athina
464,2008 Summer,2008,Summer,Beijing
465,2008 Summer,2008,Summer,Beijing
466,2008 Summer,2008,Summer,Beijing
467,2004 Summer,2004,Summer,Athina
468,2000 Summer,2000,Summer,Sydney
469,2012 Summer,2012,Summer,London
470,2008 Summer,2008,Summer,Beijing
471,2000 Summer,2000,Summer,Sydney
472,2004 Summer,2004,Summer,Athina
473,2008 Summer,2008,Summer,Beijing
474,2008 Summer,2008,Summer,Beijing
475,2008 Summer,2008,Summer,Beijing
476,2008 Summer,2008,Summer,Beijing
477,2008 Summer,2008,Summer,Beijing
478,2008 Summer,2008,Summer,Beijing
479,2008 Summer,2008,Summer,Beijing
480,2008 Summer,2008,Summer,Beijing
481,2008 Summer,2008,Summer,Beijing
482,2012 Summer,2012,Summer,London
483,2012 Summer,2012,Summer,London
484,2012 Summer,2012,Summer,London
485,2012 Summer,2012,Summer,London
486,2016 Summer,2016,Summer,Rio de Janeiro
487,2000 Summer,2000,Summer,Sydney
488,2000 Summer,2000,Summer,Sydney
489,2004 Summer,2004,Summer,Athina
490,2000 Summer,2000,Summer,Sydney
491,2000 Summer,2000,Summer,Sydney
492,2012 Summer,2012,Summer,London
493,2004 Summer,2004,Summer,Athina
494,2012 Summer,2012,Summer,London
495,2000 Summer,2000,Summer,Sydney
496,2016 Summer,2016,Summer,Rio de Janeiro
497,2016 Summer,2016,Summer,Rio de Janeiro
498,2012 Summer,2012,Summer,London
499,2008 Summer,2008,Summer,Beijing
500,2008 Summer,2008,Summer,Beijing
501,2012 Summer,2012,Summer,London
502,2004 Summer,2004,Summer,Athina
503,2000 Summer,2000,Summer,Sydney
504,2016 Summer,2016,Summer,Rio de Janeiro
505,2004 Summer,2004,Summer,Athina
506,2004 Summer,2004,Summer,Athina
507,2008 Summer,2008,Summer,Beijing
508,2008 Summer,2008,Summer,Beijing
509,2008 Summer,2008,Summer,Beijing
510,2016 Summer,2016,Summer,Rio de Janeiro
511,2012 Summer,2012,Summer,London
512,2008 Summer,2008,Summer,Beijing
513,2016 Summer,2016,Summer,Rio de Janeiro
514,2016 Summer,2016,Summer,Rio de Janeiro
515,2008 Summer,2008,Summer,Beijing
516,2008 Summer,2008,Summer,Beijing
517,2008 Summer,2008,Summer,Beijing
518,2012 Summer,2012,Summer,London
519,2012 Summer,2012,Summer,London
520,2012 Summer,2012,Summer,London
521,2012 Summer,2012,Summer,London
522,2016 Summer,2016,Summer,Rio de Janeiro
523,2016 Summer,2016,Summer,Rio de Janeiro
524,2004 Summer,2004,Summer,Athina
525,2000 Summer,2000,Summer,Sydney
526,2012 Summer,2012,Summer,London
527,2016 Summer,2016,Summer,Rio de Janeiro
528,2008 Summer,2008,Summer,Beijing
529,2004 Summer,2004,Summer,Athina
530,2004 Summer,2004,Summer,Athina
531,2012 Summer,2012,Summer,London
532,2004 Summer,2004,Summer,Athina
533,2000 Summer,2000,Summer,Sydney
534,2016 Summer,2016,Summer,Rio de Janeiro
535,2012 Summer,2012,Summer,London
536,2000 Summer,2000,Summer,Sydney
537,2016 Summer,2016,Summer,Rio de Janeiro
538,2000 Summer,2000,Summer,Sydney
539,2008 Summer,2008,Summer,Beijing
540,2008 Summer,2008,Summer,Beijing
541,2012 Summer,2012,Summer,London
542,2016 Summer,2016,Summer,Rio de Janeiro
543,2016 Summer,2016,Summer,Rio de Janeiro
544,2012 Summer,2012,Summer,London
545,2000 Summer,2000,Summer,Sydney
546,2012 Summer,2012,Summer,London
547,2012 Summer,2012,Summer,London
548,2012 Summer,2012,Summer,London
549,2016 Summer,2016,Summer,Rio de Janeiro
550,2004 Summer,2004,Summer,Athina
551,2012 Summer,2012,Summer,London
552,2016 Summer,2016,Summer,Rio de Janeiro
553,2016 Summer,2016,Summer,Rio de Janeiro
554,2008 Summer,2008,Summer,Beijing
555,2012 Summer,2012,Summer,London
556,2016 Summer,2016,Summer,Rio de Janeiro
557,2016 Summer,2016,Summer,Rio de Janeiro
558,2016 Summer,2016,Summer,Rio de Janeiro
559,2012 Summer,2012,Summer,London
560,2012 Summer,2012,Summer,London
561,2016 Summer,2016,Summer,Rio de Janeiro
562,2012 Summer,2012,Summer,London
563,2000 Summer,2000,Summer,Sydney
564,2000 Summer,2000,Summer,Sydney
565,2016 Summer,2016,Summer,Rio de Janeiro
566,2016 Summer,2016,Summer,Rio de Janeiro
567,2004 Summer,2004,Summer,Athina
568,2016 Summer,2016,Summer,Rio de Janeiro
569,2012 Summer,2012,Summer,London
570,2016 Summer,2016,Summer,Rio de Janeiro
571,2008 Summer,2008,Summer,Beijing
572,2004 Summer,2004,Summer,Athina
573,2008 Summer,2008,Summer,Beijing
574,2016 Summer,2016,Summer,Rio de Janeiro
575,2000 Summer,2000,Summer,Sydney
576,2008 Summer,2008,Summer,Beijing
577,2016 Summer,2016,Summer,Rio de Janeiro
578,2016 Summer,2016,Summer,Rio de Janeiro
579,2016 Summer,2016,Summer,Rio de Janeiro
580,2004 Summer,2004,Summer,Athina
581,2016 Summer,2016,Summer,Rio de Janeiro
582,2012 Summer,2012,Summer,London
583,2008 Summer,2008,Summer,Beijing
584,2016 Summer,2016,Summer,Rio de Janeiro
585,2012 Summer,2012,Summer,London
586,2012 Summer,2012,Summer,London
587,2016 Summer,2016,Summer,Rio de Janeiro
588,2016 Summer,2016,Summer,Rio de Janeiro
589,2016 Summer,2016,Summer,Rio de Janeiro
590,2008 Summer,2008,Summer,Beijing
591,2012 Summer,2012,Summer,London
592,2012 Summer,2012,Summer,London
593,2000 Summer,2000,Summer,Sydney
594,2012 Summer,2012,Summer,London
595,2008 Summer,2008,Summer,Beijing
596,2008 Summer,2008,Summer,Beijing
597,2012 Summer,2012,Summer,London
598,2016 Summer,2016,Summer,Rio de Janeiro
599,2004 Summer,2004,Summer,Athina
600,2000 Summer,2000,Summer,Sydney
601,2004 Summer,2004,Summer,Athina
602,2012 Summer,2012,Summer,London
603,2000 Summer,2000,Summer,Sydney
604,2000 Summer,2000,Summer,Sydney
605,2004 Summer,2004,Summer,Athina
606,2000 Summer,2000,Summer,Sydney
607,2012 Summer,2012,Summer,London
608,2012 Summer,2012,Summer,London
609,2012 Summer,2012,Summer,London
610,2012 Summer,2012,Summer,London
611,2012 Summer,2012,Summer,London
612,2016 Summer,2016,Summer,Rio de Janeiro
613,2004 Summer,2004,Summer,Athina
614,2000 Summer,2000,Summer,Sydney
615,2004 Summer,2004,Summer,Athina
616,2004 Summer,2004,Summer,Athina
617,2004 Summer,2004,Summer,Athina
618,2000 Summer,2000,Summer,Sydney
619,2012 Summer,2012,Summer,London
620,2016 Summer,2016,Summer,Rio de Janeiro
621,2016 Summer,2016,Summer,Rio de Janeiro
622,2000 Summer,2000,Summer,Sydney
623,2004 Summer,2004,Summer,Athina
624,2000 Summer,2000,Summer,Sydney
625,2000 Summer,2000,Summer,Sydney
626,2008 Summer,2008,Summer,Beijing
627,2000 Summer,2000,Summer,Sydney
628,2000 Summer,2000,Summer,Sydney
629,2012 Summer,2012,Summer,London
630,2012 Summer,2012,Summer,London
631,2012 Summer,2012,Summer,London
632,2004 Summer,2004,Summer,Athina
633,2004 Summer,2004,Summer,Athina
634,2004 Summer,2004,Summer,Athina
635,2012 Summer,2012,Summer,London
636,2000 Summer,2000,Summer,Sydney
637,2000 Summer,2000,Summer,Sydney
638,2000 Summer,2000,Summer,Sydney
639,2004 Summer,2004,Summer,Athina
640,2004 Summer,2004,Summer,Athina
641,2000 Summer,2000,Summer,Sydney
642,2004 Summer,2004,Summer,Athina
643,2012 Summer,2012,Summer,London
644,2016 Summer,2016,Summer,Rio de Janeiro
645,2016 Summer,2016,Summer,Rio de Janeiro
646,2012 Summer,2012,Summer,London
647,2004 Summer,2004,Summer,Athina
648,2016 Summer,2016,Summer,Rio de Janeiro
649,2000 Summer,2000,Summer,Sydney
650,2008 Summer,2008,Summer,Beijing
651,2004 Summer,2004,Summer,Athina
652,2016 Summer,2016,Summer,Rio de Janeiro
653,2008 Summer,2008,Summer,Beijing
654,2000 Summer,2000,Summer,Sydney
655,2008 Summer,2008,Summer,Beijing
656,2008 Summer,2008,Summer,Beijing
657,2008 Summer,2008,Summer,Beijing
658,2000 Summer,2000,Summer,Sydney
659,2000 Summer,2000,Summer,Sydney
660,2004 Summer,2004,Summer,Athina
661,2012 Summer,2012,Summer,London
662,2008 Summer,2008,Summer,Beijing
663,2000 Summer,2000,Summer,Sydney
664,2000 Summer,2000,Summer,Sydney
665,2004 Summer,2004,Summer,Athina
666,2012 Summer,2012,Summer,London
667,2016 Summer,2016,Summer,Rio de Janeiro
668,2008 Summer,2008,Summer,Beijing
669,2016 Summer,2016,Summer,Rio de Janeiro
670,2004 Summer,2004,Summer,Athina
671,2008 Summer,2008,Summer,Beijing
672,2016 Summer,2016,Summer,Rio de Janeiro
673,2008 Summer,2008,Summer,Beijing
674,2008 Summer,2008,Summer,Beijing
675,2004 Summer,2004,Summer,Athina
676,2000 Summer,2000,Summer,Sydney
677,2000 Summer,2000,Summer,Sydney
678,2004 Summer,2004,Summer,Athina
679,2000 Summer,2000,Summer,Sydney
680,2000 Summer,2000,Summer,Sydney
681,2008 Summer,2008,Summer,Beijing
682,2008 Summer,2008,Summer,Beijing
683,2000 Summer,2000,Summer,Sydney
684,2004 Summer,2004,Summer,Athina
685,2004 Summer,2004,Summer,Athina
686,2012 Summer,2012,Summer,London
687,2012 Summer,2012,Summer,London
688,2012 Summer,2012,Summer,London
689,2016 Summer,2016,Summer,Rio de Janeiro
690,2004 Summer,2004,Summer,Athina
691,2012 Summer,2012,Summer,London
692,2000 Summer,2000,Summer,Sydney
693,2000 Summer,2000,Summer,Sydney
694,2000 Summer,2000,Summer,Sydney
695,2004 Summer,2004,Summer,Athina
696,2000 Summer,2000,Summer,Sydney
697,2004 Summer,2004,Summer,Athina
698,2008 Summer,2008,Summer,Beijing
699,2008 Summer,2008,Summer,Beijing
700,2016 Summer,2016,Summer,Rio de Janeiro
701,2008 Summer,2008,Summer,Beijing
702,2008 Summer,2008,Summer,Beijing
703,2008 Summer,2008,Summer,Beijing
704,2008 Summer,2008,Summer,Beijing
705,2004 Summer,2004,Summer,Athina
706,2012 Summer,2012,Summer,London
707,2008 Summer,2008,Summer,Beijing
708,2008 Summer,2008,Summer,Beijing
709,2000 Summer,2000,Summer,Sydney
710,2016 Summer,2016,Summer,Rio de Janeiro
711,2012 Summer,2012,Summer,London
712,2012 Summer,2012,Summer,London
713,2000 Summer,2000,Summer,Sydney
714,2008 Summer,2008,Summer,Beijing
715,2008 Summer,2008,Summer,Beijing
716,2004 Summer,2004,Summer,Athina
717,2008 Summer,2008,Summer,Beijing
718,2012 Summer,2012,Summer,London
719,2000 Summer,2000,Summer,Sydney
720,2004 Summer,2004,Summer,Athina
721,2008 Summer,2008,Summer,Beijing
722,2016 Summer,2016,Summer,Rio de Janeiro
723,2008 Summer,2008,Summer,Beijing
724,2012 Summer,2012,Summer,London
725,2000 Summer,2000,Summer,Sydney
726,2016 Summer,2016,Summer,Rio de Janeiro
727,2008 Summer,2008,Summer,Beijing
728,2012 Summer,2012,Summer,London
729,2012 Summer,2012,Summer,London
730,2004 Summer,2004,Summer,Athina
731,2008 Summer,2008,Summer,Beijing
732,2000 Summer,2000,Summer,Sydney
733,2000 Summer,2000,Summer,Sydney
734,2000 Summer,2000,Summer,Sydney
735,2012 Summer,2012,Summer,London
736,2004 Summer,2004,Summer,Athina
737,2004 Summer,2004,Summer,Athina
738,2008 Summer,2008,Summer,Beijing
739,2004 Summer,2004,Summer,Athina
740,2004 Summer,2004,Summer,Athina
741,2008 Summer,2008,Summer,Beijing
742,2008 Summer,2008,Summer,Beijing
743,2008 Summer,2008,Summer,Beijing
744,2012 Summer,2012,Summer,London
745,2004 Summer,2004,Summer,Athina
