Team,NOC
Belarus,BLR
Germany,GER
United States,USA
United States,USA
United States,USA
United States,USA
France,FRA
France,FRA
United States,USA
Great Britain,GBR
Great Britain,GBR
Spain,ESP
New Zealand,NZL
United States,USA
United States,USA
United States,USA
New Zealand,NZL
Great Britain,GBR
Great Britain,GBR
Great Britain,GBR
Russia,RUS
France,FRA
Kazakhstan,KAZ
Germany,GER
United States,USA
Great Britain,GBR
United States,USA
United States,USA
Greece,GRE
Australia,AUS
Spain,ESP
Hungary,HUN
United States,USA
United States,USA
United States,USA
United States,USA
Great Britain,GBR
United States,USA
United States,USA
United States,USA
France,FRA
France,FRA
France,FRA
Greece,GRE
Hungary,HUN
Hungary,HUN
United States,USA
Denmark,DEN
Denmark,DEN
Belarus,BLR
Belarus,BLR
New Zealand,NZL
Croatia,CRO
Italy,ITA
United States,USA
Netherlands,NED
Germany,GER
Germany,GER
Germany,GER
Australia,AUS
South Africa,RSA
Russia,RUS
Russia,RUS
Russia,RUS
Croatia,CRO
New Zealand,NZL
Australia,AUS
Croatia,CRO
Canada,CAN
Netherlands,NED
United States,USA
United States,USA
Spain,ESP
Australia,AUS
Australia,AUS
Australia,AUS
Australia,AUS
China,CHN
Argentina,ARG
New Zealand,NZL
New Zealand,NZL
Australia,AUS
Ukraine,UKR
China,CHN
China,CHN
China,CHN
Russia,RUS
Romania,ROU
Brazil,BRA
United States,USA
Great Britain,GBR
United States,USA
Australia,AUS
New Zealand,NZL
United States,USA
Great Britain,GBR
Slovenia,SLO
Great Britain,GBR
United States,USA
United States,USA
United States,USA
United States,USA
Australia,AUS
Zimbabwe,ZIM
Zimbabwe,ZIM
Great Britain,GBR
United States,USA
United States,USA
Spain,ESP
Australia,AUS
United States,USA
United States,USA
Hungary,HUN
Serbia,SRB
Romania,ROU
Romania,ROU
Romania,ROU
Romania,ROU
Australia,AUS
United States,USA
Russia,RUS
Russia,RUS
Russia,RUS
Russia,RUS
Russia,RUS
Netherlands,NED
Netherlands,NED
Netherlands,NED
United States,USA
Netherlands,NED
Great Britain,GBR
Italy,ITA
Germany,GER
United States,USA
United States,USA
Germany,GER
Croatia,CRO
United States,USA
Hungary,HUN
United States,USA
France,FRA
Hungary,HUN
Hungary,HUN
Hungary,HUN
Great Britain,GBR
Ukraine,UKR
United States,USA
Romania,ROU
Great Britain,GBR
United States,USA
United States,USA
Russia,RUS
Spain,ESP
United States,USA
Australia,AUS
France,FRA
France,FRA
Germany,GER
Germany,GER
New Zealand,NZL
New Zealand,NZL
New Zealand,NZL
New Zealand,NZL
United States,USA
Russia,RUS
United States,USA
France,FRA
Spain,ESP
South Africa,RSA
Serbia,SRB
Italy,ITA
Italy,ITA
Germany,GER
Romania,ROU
Hungary,HUN
Hungary,HUN
Australia,AUS
United States,USA
United States,USA
United States,USA
Israel,ISR
Sweden,SWE
China,CHN
Poland,POL
Australia,AUS
Romania,ROU
Romania,ROU
Italy,ITA
Australia,AUS
Australia,AUS
United States,USA
United States,USA
France,FRA
Hungary,HUN
United States,USA
Germany,GER
France,FRA
Australia,AUS
Great Britain,GBR
United States,USA
United States,USA
United States,USA
Great Britain,GBR
Brazil,BRA
Great Britain,GBR
United States,USA
United States,USA
United States,USA
United States,USA
Germany,GER
Germany,GER
Russia,RUS
Russia,RUS
Russia,RUS
Germany,GER
Germany,GER
Great Britain,GBR
Germany,GER
Netherlands,NED
China,CHN
China,CHN
China,CHN
China,CHN
Australia,AUS
Hungary,HUN
Australia,AUS
Australia,AUS
Australia,AUS
Japan,JPN
Netherlands,NED
United States,USA
United States,USA
United States,USA
Australia,AUS
United States,USA
United States,USA
United States,USA
United States,USA
Australia,AUS
France,FRA
United States,USA
China,CHN
China,CHN
Netherlands,NED
United States,USA
Australia,AUS
Australia,AUS
Australia,AUS
Australia,AUS
United States,USA
France,FRA
Slovakia,SVK
Slovakia,SVK
Slovakia,SVK
Slovakia,SVK
Slovakia,SVK
Slovakia,SVK
Germany,GER
Australia,AUS
United States,USA
Australia,AUS
Hungary,HUN
Great Britain,GBR
Hungary,HUN
Hungary,HUN
Hungary,HUN
Hungary,HUN
United States,USA
France,FRA
Canada,CAN
China,CHN
Great Britain,GBR
United States,USA
Germany,GER
Russia,RUS
Russia,RUS
Russia,RUS
Russia,RUS
Denmark,DEN
Great Britain,GBR
Great Britain,GBR
Poland,POL
Poland,POL
Australia,AUS
China,CHN
China,CHN
Germany,GER
United States,USA
Croatia,CRO
United States,USA
United States,USA
Australia,AUS
Australia,AUS
Denmark,DEN
Hungary,HUN
Hungary,HUN
Hungary,HUN
Japan,JPN
Hungary,HUN
Hungary,HUN
United States,USA
United States,USA
United States,USA
Russia,RUS
Russia,RUS
Belarus,BLR
Australia,AUS
Australia,AUS
Denmark,DEN
Hungary,HUN
Russia,RUS
Russia,RUS
Russia,RUS
Hungary,HUN
Hungary,HUN
Japan,JPN
Japan,JPN
Japan,JPN
Japan,JPN
Netherlands,NED
Australia,AUS
Australia,AUS
Ukraine,UKR
Ukraine,UKR
Russia,RUS
Hungary,HUN
United States,USA
Netherlands,NED
Russia,RUS
Hungary,HUN
Australia,AUS
Germany,GER
Germany,GER
Germany,GER
Hungary,HUN
Hungary,HUN
Hungary,HUN
Hungary,HUN
Hungary,HUN
Ukraine,UKR
United States,USA
United States,USA
United States,USA
United States,USA
Canada,CAN
Germany,GER
Denmark,DEN
Netherlands,NED
Netherlands,NED
Poland,POL
Germany,GER
Brazil,BRA
Germany,GER
Russia,RUS
Norway,NOR
United States,USA
Great Britain,GBR
South Africa,RSA
France,FRA
Australia,AUS
Australia,AUS
Australia,AUS
France,FRA
United States,USA
United States,USA
Germany,GER
Germany,GER
Canada,CAN
China,CHN
United States,USA
United States,USA
Great Britain,GBR
Belarus,BLR
United States,USA
United States,USA
United States,USA
United States,USA
United States,USA
United States,USA
United States,USA
United States,USA
United States,USA
Great Britain,GBR
Russia,RUS
China,CHN
China,CHN
Germany,GER
Australia,AUS
Poland,POL
Hungary,HUN
Hungary,HUN
Belarus,BLR
United States,USA
France,FRA
Serbia,SRB
United States,USA
United States,USA
Hungary,HUN
United States,USA
Slovakia,SVK
Spain,ESP
United States,USA
United States,USA
Australia,AUS
United States,USA
Great Britain,GBR
Australia,AUS
United States,USA
Great Britain,GBR
United States,USA
Tunisia,TUN
Tunisia,TUN
China,CHN
France,FRA
Australia,AUS
United States,USA
United States,USA
Australia,AUS
Great Britain,GBR
Australia,AUS
Australia,AUS
Serbia,SRB
Italy,ITA
Hungary,HUN
Hungary,HUN
United States,USA
Denmark,DEN
Germany,GER
France,FRA
Germany,GER
United States,USA
United States,USA
United States,USA
Croatia,CRO
United States,USA
Italy,ITA
Great Britain,GBR
South Africa,RSA
United States,USA
Sweden,SWE
Germany,GER
Russia,RUS
Russia,RUS
Croatia,CRO
Australia,AUS
Russia,RUS
Sweden,SWE
Ukraine,UKR
Australia,AUS
Russia,RUS
Russia,RUS
Italy,ITA
Romania,ROU
Australia,AUS
Russia,RUS
Russia,RUS
Netherlands,NED
Australia,AUS
Australia,AUS
Great Britain,GBR
United States,USA
United States,USA
United States,USA
United States,USA
United States,USA
Italy,ITA
China,CHN
Great Britain,GBR
United States,USA
Spain,ESP
Russia,RUS
France,FRA
Belarus,BLR
United States,USA
United States,USA
United States,USA
United States,USA
United States,USA
United States,USA
United States,USA
United States,USA
United States,USA
United States,USA
United States,USA
United States,USA
United States,USA
Australia,AUS
Great Britain,GBR
United States,USA
Romania,ROU
Romania,ROU
Russia,RUS
Romania,ROU
New Zealand,NZL
Romania,ROU
Serbia,SRB
Russia,RUS
Spain,ESP
Great Britain,GBR
China,CHN
China,CHN
Italy,ITA
Italy,ITA
Serbia,SRB
Germany,GER
United States,USA
Australia,AUS
Great Britain,GBR
Australia,AUS
United States,USA
Germany,GER
Germany,GER
Germany,GER
Germany,GER
Australia,AUS
Australia,AUS
Australia,AUS
Hungary,HUN
United States,USA
Russia,RUS
Russia,RUS
Russia,RUS
Russia,RUS
Australia,AUS
Italy,ITA
United States,USA
United States,USA
Canada,CAN
Germany,GER
Australia,AUS
Sweden,SWE
United States,USA
Italy,ITA
Great Britain,GBR
Germany,GER
Russia,RUS
Great Britain,GBR
Great Britain,GBR
Australia,AUS
Australia,AUS
Australia,AUS
United States,USA
Germany,GER
Germany,GER
Germany,GER
United States,USA
United States,USA
United States,USA
United States,USA
South Africa,RSA
Germany,GER
Germany,GER
Singapore,SGP
Netherlands,NED
Germany,GER
Germany,GER
Switzerland,SUI
Great Britain,GBR
Australia,AUS
United States,USA
United States,USA
United States,USA
United States,USA
United States,USA
China,CHN
China,CHN
Japan,JPN
United States,USA
Russia,RUS
Russia,RUS
United States,USA
Russia,RUS
Russia,RUS
Russia,RUS
Austria,AUT
Netherlands,NED
United States,USA
Croatia,CRO
Croatia,CRO
Greece,GRE
Sweden,SWE
Australia,AUS
Netherlands,NED
United States,USA
Australia,AUS
South Africa,RSA
United States,USA
United States,USA
United States,USA
United States,USA
United States,USA
United States,USA
Slovenia,SLO
Great Britain,GBR
Germany,GER
Germany,GER
United States,USA
United States,USA
Hungary,HUN
Hungary,HUN
Hungary,HUN
Australia,AUS
Hungary,HUN
Hungary,HUN
Hungary,HUN
Australia,AUS
France,FRA
Croatia,CRO
New Zealand,NZL
China,CHN
China,CHN
China,CHN
Norway,NOR
Romania,ROU
Romania,ROU
Romania,ROU
Russia,RUS
Poland,POL
Hungary,HUN
Hungary,HUN
Hungary,HUN
Hungary,HUN
Hungary,HUN
Hungary,HUN
Romania,ROU
China,CHN
United States,USA
United States,USA
Ukraine,UKR
United States,USA
United States,USA
Australia,AUS
Australia,AUS
Australia,AUS
South Africa,RSA
United States,USA
United States,USA
United States,USA
Australia,AUS
Australia,AUS
China,CHN
China,CHN
Russia,RUS
Russia,RUS
Spain,ESP
Spain,ESP
Italy,ITA
Switzerland,SUI
Great Britain,GBR
Great Britain,GBR
Norway,NOR
New Zealand,NZL
United States,USA
Australia,AUS
Hungary,HUN
Netherlands,NED
Netherlands,NED
Netherlands,NED
Netherlands,NED
Netherlands,NED
South Africa,RSA
Netherlands,NED
United States,USA
United States,USA
Canada,CAN
Netherlands,NED
Netherlands,NED
Netherlands,NED
Netherlands,NED
United States,USA
United States,USA
Germany,GER
Hungary,HUN
Hungary,HUN
Hungary,HUN
Hungary,HUN
Hungary,HUN
Hungary,HUN
Russia,RUS
Russia,RUS
Netherlands,NED
United States,USA
Hungary,HUN
Hungary,HUN
France,FRA
United States,USA
United States,USA
United States,USA
United States,USA
United States,USA
United States,USA
New Zealand,NZL
Germany,GER
Germany,GER
Germany,GER
United States,USA
United States,USA
Australia,AUS
United States,USA
Spain,ESP
China,CHN
Denmark,DEN
Poland,POL
Germany,GER
Great Britain,GBR
Germany,GER
United States,USA
United States,USA
Australia,AUS
Netherlands,NED
Germany,GER
United States,USA
Great Britain,GBR
United States,USA
Australia,AUS
Germany,GER
United States,USA
Germany,GER
United States,USA
Great Britain,GBR
Australia,AUS
Australia,AUS
Great Britain,GBR
United States,USA
Australia,AUS
United States,USA
China,CHN
China,CHN
China,CHN
Germany,GER
China,CHN
China,CHN
China,CHN
China,CHN
China,CHN
China,CHN
China,CHN
China,CHN
Russia,RUS
Russia,RUS
Russia,RUS
Russia,RUS
China,CHN
Russia,RUS
Italy,ITA
