weventID,Sport,Event
1,Canoeing,"Canoeing Men's Kayak Fours, 1,000 metres"
2,Rowing,Rowing Men's Coxed Eights
3,Swimming,Swimming Men's 100 metres Freestyle
4,Swimming,Swimming Men's 4 x 100 metres Medley Relay
5,Swimming,Swimming Men's 4 x 100 metres Freestyle Relay
6,Swimming,Swimming Men's 4 x 100 metres Medley Relay
7,Swimming,Swimming Men's 200 metres Freestyle
8,Swimming,Swimming Men's 4 x 100 metres Freestyle Relay
9,Rowing,Rowing Men's Coxed Eights
10,Sailing,Sailing Mixed One Person Dinghy
11,Sailing,Sailing Men's One Person Dinghy
12,Sailing,Sailing Women's Windsurfer
13,Sailing,Sailing Women's Two Person Dinghy
14,Rowing,Rowing Men's Coxed Eights
15,Swimming,Swimming Women's 4 x 200 metres Freestyle Relay
16,Water Polo,Water Polo Women's Water Polo
17,Sailing,Sailing Men's Windsurfer
18,Rowing,Rowing Men's Coxed Eights
19,Sailing,Sailing Women's Three Person Keelboat
20,Sailing,Sailing Women's Three Person Keelboat
21,Synchronized Swimming,Synchronized Swimming Women's Team
22,Rowing,Rowing Men's Lightweight Double Sculls
23,Swimming,Swimming Men's 200 metres Breaststroke
24,Rowing,Rowing Women's Quadruple Sculls
25,Swimming,Swimming Women's 200 metres Breaststroke
26,Rowing,Rowing Women's Double Sculls
27,Swimming,Swimming Women's 4 x 100 metres Medley Relay
28,Rowing,Rowing Men's Coxed Eights
29,Sailing,Sailing Women's Two Person Dinghy
30,Sailing,Sailing Men's Two Person Dinghy
31,Swimming,Swimming Women's 200 metres Butterfly
32,Water Polo,Water Polo Men's Water Polo
33,Swimming,Swimming Women's 4 x 200 metres Freestyle Relay
34,Swimming,Swimming Women's 4 x 200 metres Freestyle Relay
35,Swimming,Swimming Women's 400 metres Freestyle
36,Swimming,Swimming Women's 800 metres Freestyle
37,Rowing,Rowing Men's Coxed Eights
38,Swimming,Swimming Men's 4 x 200 metres Freestyle Relay
39,Swimming,Swimming Men's 4 x 200 metres Freestyle Relay
40,Swimming,Swimming Men's 4 x 200 metres Freestyle Relay
41,Swimming,Swimming Men's 100 metres Freestyle
42,Swimming,Swimming Men's 4 x 100 metres Freestyle Relay
43,Rowing,Rowing Men's Lightweight Coxless Fours
44,Diving,Diving Men's Synchronized Springboard
45,Water Polo,Water Polo Men's Water Polo
46,Water Polo,Water Polo Men's Water Polo
47,Swimming,Swimming Women's 4 x 200 metres Freestyle Relay
48,Sailing,Sailing Mixed Three Person Keelboat
49,Swimming,Swimming Women's 50 metres Freestyle
50,Canoeing,"Canoeing Men's Canadian Doubles, 1,000 metres"
51,Canoeing,"Canoeing Men's Canadian Doubles, 1,000 metres"
52,Rowing,Rowing Men's Coxless Pairs
53,Water Polo,Water Polo Men's Water Polo
54,Water Polo,Water Polo Women's Water Polo
55,Diving,Diving Men's Platform
56,Sailing,Sailing Women's One Person Dinghy
57,Canoeing,"Canoeing Men's Canadian Singles, 1,000 metres"
58,Canoeing,"Canoeing Men's Canadian Singles, 1,000 metres"
59,Canoeing,"Canoeing Men's Canadian Doubles, 1,000 metres"
60,Rowing,Rowing Men's Double Sculls
61,Rowing,Rowing Men's Lightweight Coxless Fours
62,Synchronized Swimming,Synchronized Swimming Women's Duet
63,Synchronized Swimming,Synchronized Swimming Women's Team
64,Synchronized Swimming,Synchronized Swimming Women's Team
65,Water Polo,Water Polo Men's Water Polo
66,Sailing,Sailing Men's Skiff
67,Sailing,Sailing Men's One Person Dinghy
68,Water Polo,Water Polo Men's Water Polo
69,Rowing,Rowing Men's Coxed Eights
70,Water Polo,Water Polo Women's Water Polo
71,Rowing,Rowing Women's Coxed Eights
72,Rowing,Rowing Women's Coxed Eights
73,Canoeing,"Canoeing Men's Canadian Singles, 1,000 metres"
74,Swimming,Swimming Men's 4 x 100 metres Freestyle Relay
75,Swimming,Swimming Women's 4 x 100 metres Freestyle Relay
76,Swimming,Swimming Women's 4 x 100 metres Freestyle Relay
77,Swimming,Swimming Women's 4 x 100 metres Freestyle Relay
78,Diving,Diving Men's Springboard
79,Sailing,Sailing Mixed Multihull
80,Canoeing,"Canoeing Women's Kayak Singles, 200 metres"
81,Canoeing,"Canoeing Women's Kayak Singles, 200 metres"
82,Water Polo,Water Polo Women's Water Polo
83,Canoeing,"Canoeing Men's Canadian Singles, 200 metres"
84,Diving,Diving Men's Platform
85,Diving,Diving Men's Synchronized Platform
86,Diving,Diving Women's Synchronized Platform
87,Synchronized Swimming,Synchronized Swimming Women's Team
88,Rowing,Rowing Women's Coxed Eights
89,Swimming,Swimming Men's 50 metres Freestyle
90,Water Polo,Water Polo Women's Water Polo
91,Canoeing,"Canoeing Men's Kayak Singles, Slalom"
92,Swimming,Swimming Men's 200 metres Backstroke
93,Canoeing,"Canoeing Men's Kayak Fours, 1,000 metres"
94,Rowing,Rowing Men's Double Sculls
95,Swimming,Swimming Men's 4 x 200 metres Freestyle Relay
96,Rowing,Rowing Men's Coxless Fours
97,Rowing,Rowing Men's Double Sculls
98,Rowing,Rowing Women's Lightweight Double Sculls
99,Swimming,Swimming Men's 4 x 100 metres Medley Relay
100,Swimming,Swimming Women's 4 x 200 metres Freestyle Relay
101,Swimming,Swimming Women's 100 metres Backstroke
102,Swimming,Swimming Women's 100 metres Backstroke
103,Swimming,Swimming Women's 4 x 100 metres Freestyle Relay
104,Swimming,Swimming Women's 200 metres Backstroke
105,Swimming,Swimming Women's 200 metres Backstroke
106,Rowing,Rowing Men's Coxless Fours
107,Water Polo,Water Polo Women's Water Polo
108,Water Polo,Water Polo Women's Water Polo
109,Canoeing,"Canoeing Men's Kayak Doubles, 500 metres"
110,Rowing,Rowing Men's Double Sculls
111,Swimming,Swimming Men's 4 x 100 metres Medley Relay
112,Swimming,Swimming Men's 4 x 100 metres Medley Relay
113,Canoeing,"Canoeing Women's Kayak Fours, 500 metres"
114,Water Polo,Water Polo Men's Water Polo
115,Rowing,Rowing Women's Coxless Pairs
116,Rowing,Rowing Women's Coxed Eights
117,Rowing,Rowing Women's Coxless Pairs
118,Rowing,Rowing Women's Coxed Eights
119,Swimming,Swimming Women's 4 x 200 metres Freestyle Relay
120,Rowing,Rowing Women's Coxed Eights
121,Synchronized Swimming,Synchronized Swimming Women's Duet
122,Synchronized Swimming,Synchronized Swimming Women's Team
123,Synchronized Swimming,Synchronized Swimming Women's Duet
124,Synchronized Swimming,Synchronized Swimming Women's Team
125,Synchronized Swimming,Synchronized Swimming Women's Team
126,Swimming,Swimming Women's 50 metres Freestyle
127,Swimming,Swimming Women's 100 metres Freestyle
128,Swimming,Swimming Women's 100 metres Butterfly
129,Rowing,Rowing Men's Coxed Eights
130,Swimming,Swimming Women's 4 x 100 metres Freestyle Relay
131,Rowing,Rowing Men's Coxed Eights
132,Water Polo,Water Polo Women's Water Polo
133,Canoeing,"Canoeing Women's Kayak Doubles, 500 metres"
134,Swimming,Swimming Women's 4 x 200 metres Freestyle Relay
135,Swimming,Swimming Women's 200 metres Backstroke
136,Canoeing,"Canoeing Men's Canadian Singles, 1,000 metres"
137,Water Polo,Water Polo Men's Water Polo
138,Swimming,Swimming Men's 400 metres Individual Medley
139,Canoeing,"Canoeing Men's Kayak Doubles, 1,000 metres"
140,Swimming,Swimming Women's 4 x 100 metres Medley Relay
141,Rowing,Rowing Men's Lightweight Coxless Fours
142,Canoeing,"Canoeing Women's Kayak Singles, 500 metres"
143,Canoeing,"Canoeing Women's Kayak Doubles, 500 metres"
144,Canoeing,"Canoeing Women's Kayak Doubles, 500 metres"
145,Rowing,Rowing Men's Coxed Eights
146,Rowing,Rowing Women's Quadruple Sculls
147,Water Polo,Water Polo Women's Water Polo
148,Rowing,Rowing Women's Coxed Eights
149,Rowing,Rowing Men's Coxed Eights
150,Swimming,Swimming Men's 4 x 200 metres Freestyle Relay
151,Swimming,Swimming Men's 4 x 200 metres Freestyle Relay
152,Canoeing,"Canoeing Men's Kayak Doubles, 200 metres"
153,Sailing,Sailing Women's Three Person Keelboat
154,Rowing,Rowing Women's Coxed Eights
155,Swimming,Swimming Women's 4 x 100 metres Freestyle Relay
156,Canoeing,"Canoeing Men's Canadian Singles, Slalom"
157,Canoeing,"Canoeing Men's Canadian Singles, Slalom"
158,Rowing,Rowing Women's Quadruple Sculls
159,Rowing,Rowing Women's Quadruple Sculls
160,Rowing,Rowing Women's Double Sculls
161,Rowing,Rowing Women's Double Sculls
162,Rowing,Rowing Women's Double Sculls
163,Rowing,Rowing Women's Double Sculls
164,Water Polo,Water Polo Women's Water Polo
165,Rowing,Rowing Men's Quadruple Sculls
166,Swimming,Swimming Men's 4 x 100 metres Freestyle Relay
167,Canoeing,"Canoeing Women's Kayak Singles, Slalom"
168,Sailing,Sailing Mixed Skiff
169,Swimming,Swimming Men's 4 x 100 metres Freestyle Relay
170,Water Polo,Water Polo Men's Water Polo
171,Swimming,Swimming Men's 100 metres Breaststroke
172,Swimming,Swimming Men's 200 metres Breaststroke
173,Canoeing,"Canoeing Women's Kayak Fours, 500 metres"
174,Rowing,Rowing Women's Coxed Eights
175,Water Polo,Water Polo Men's Water Polo
176,Water Polo,Water Polo Men's Water Polo
177,Water Polo,Water Polo Women's Water Polo
178,Rowing,Rowing Women's Coxed Eights
179,Rowing,Rowing Women's Coxed Eights
180,Swimming,Swimming Women's 4 x 200 metres Freestyle Relay
181,Sailing,Sailing Men's Windsurfer
182,Swimming,Swimming Men's 100 metres Butterfly
183,Diving,Diving Women's Springboard
184,Rowing,Rowing Women's Double Sculls
185,Swimming,Swimming Men's 4 x 100 metres Freestyle Relay
186,Rowing,Rowing Women's Coxed Eights
187,Rowing,Rowing Women's Coxed Eights
188,Rowing,Rowing Men's Quadruple Sculls
189,Swimming,Swimming Women's 4 x 200 metres Freestyle Relay
190,Swimming,Swimming Women's 4 x 100 metres Medley Relay
191,Swimming,Swimming Men's 4 x 100 metres Medley Relay
192,Swimming,Swimming Men's 4 x 100 metres Medley Relay
193,Canoeing,"Canoeing Men's Canadian Singles, Slalom"
194,Water Polo,Water Polo Men's Water Polo
195,Water Polo,Water Polo Women's Water Polo
196,Canoeing,"Canoeing Men's Canadian Doubles, 1,000 metres"
197,Swimming,Swimming Men's 4 x 100 metres Freestyle Relay
198,Rowing,Rowing Men's Coxless Pairs
199,Rowing,Rowing Women's Coxless Pairs
200,Rowing,Rowing Women's Coxed Eights
201,Swimming,Swimming Men's 4 x 200 metres Freestyle Relay
202,Rowing,Rowing Women's Coxed Eights
203,Rowing,Rowing Men's Coxed Eights
204,Sailing,Sailing Women's Skiff
205,Rowing,Rowing Men's Coxless Fours
206,Swimming,Swimming Men's 4 x 100 metres Freestyle Relay
207,Swimming,Swimming Men's 4 x 100 metres Medley Relay
208,Swimming,Swimming Men's 100 metres Backstroke
209,Swimming,Swimming Men's 4 x 100 metres Medley Relay
210,Canoeing,"Canoeing Men's Kayak Singles, Slalom"
211,Rowing,Rowing Men's Quadruple Sculls
212,Synchronized Swimming,Synchronized Swimming Women's Team
213,Synchronized Swimming,Synchronized Swimming Women's Team
214,Synchronized Swimming,Synchronized Swimming Women's Team
215,Canoeing,"Canoeing Men's Kayak Doubles, 1,000 metres"
216,Canoeing,"Canoeing Men's Kayak Fours, 1,000 metres"
217,Rowing,Rowing Men's Coxed Eights
218,Rowing,Rowing Men's Quadruple Sculls
219,Water Polo,Water Polo Women's Water Polo
220,Diving,Diving Women's Springboard
221,Diving,Diving Women's Synchronized Springboard
222,Diving,Diving Women's Springboard
223,Diving,Diving Women's Synchronized Springboard
224,Water Polo,Water Polo Women's Water Polo
225,Swimming,Swimming Men's 200 metres Breaststroke
226,Swimming,"Swimming Men's 1,500 metres Freestyle"
227,Swimming,Swimming Men's 4 x 200 metres Freestyle Relay
228,Swimming,"Swimming Men's 1,500 metres Freestyle"
229,Swimming,Swimming Men's 400 metres Individual Medley
230,Water Polo,Water Polo Women's Water Polo
231,Swimming,Swimming Men's 50 metres Freestyle
232,Swimming,Swimming Men's 4 x 100 metres Medley Relay
233,Swimming,Swimming Men's 50 metres Freestyle
234,Water Polo,Water Polo Women's Water Polo
235,Swimming,Swimming Men's 4 x 100 metres Medley Relay
236,Swimming,Swimming Men's 4 x 100 metres Medley Relay
237,Swimming,Swimming Men's 4 x 100 metres Medley Relay
238,Rowing,Rowing Men's Coxed Eights
239,Swimming,Swimming Women's 4 x 100 metres Medley Relay
240,Rowing,Rowing Men's Double Sculls
241,Swimming,Swimming Women's 4 x 100 metres Medley Relay
242,Diving,Diving Men's Springboard
243,Diving,Diving Women's Synchronized Springboard
244,Swimming,Swimming Women's 4 x 100 metres Freestyle Relay
246,Swimming,Swimming Women's 100 metres Freestyle
247,Swimming,Swimming Women's 4 x 100 metres Freestyle Relay
248,Swimming,Swimming Women's 4 x 100 metres Medley Relay
249,Water Polo,Water Polo Women's Water Polo
250,Water Polo,Water Polo Women's Water Polo
251,Rowing,Rowing Men's Lightweight Coxless Fours
252,Canoeing,"Canoeing Men's Canadian Doubles, Slalom"
253,Canoeing,"Canoeing Men's Canadian Doubles, Slalom"
254,Canoeing,"Canoeing Men's Canadian Doubles, Slalom"
255,Canoeing,"Canoeing Men's Canadian Doubles, Slalom"
256,Canoeing,"Canoeing Men's Canadian Doubles, Slalom"
257,Canoeing,"Canoeing Men's Canadian Doubles, Slalom"
258,Canoeing,"Canoeing Men's Kayak Doubles, 1,000 metres"
259,Water Polo,Water Polo Women's Water Polo
260,Rowing,Rowing Men's Coxed Eights
261,Swimming,Swimming Men's 400 metres Freestyle
262,Canoeing,"Canoeing Men's Kayak Fours, 1,000 metres"
263,Rowing,Rowing Women's Lightweight Double Sculls
264,Water Polo,Water Polo Men's Water Polo
265,Swimming,Swimming Women's 100 metres Backstroke
266,Swimming,Swimming Women's 200 metres Individual Medley
267,Swimming,Swimming Women's 400 metres Individual Medley
268,Swimming,Swimming Men's 4 x 200 metres Freestyle Relay
269,Rowing,Rowing Men's Lightweight Double Sculls
270,Rowing,Rowing Men's Coxed Eights
271,Diving,Diving Men's Platform
272,Rowing,Rowing Men's Coxed Eights
273,Swimming,Swimming Women's 200 metres Butterfly
274,Canoeing,"Canoeing Men's Kayak Doubles, 1,000 metres"
275,Diving,Diving Women's Synchronized Springboard
276,Synchronized Swimming,Synchronized Swimming Women's Team
277,Synchronized Swimming,Synchronized Swimming Women's Duet
278,Synchronized Swimming,Synchronized Swimming Women's Team
279,Sailing,Sailing Mixed Three Person Keelboat
280,Rowing,Rowing Men's Coxless Fours
281,Rowing,Rowing Men's Coxless Fours
282,Swimming,Swimming Women's 200 metres Butterfly
283,Rowing,Rowing Men's Quadruple Sculls
284,Sailing,Sailing Men's Skiff
285,Swimming,Swimming Women's 200 metres Butterfly
286,Rowing,Rowing Women's Quadruple Sculls
287,Rowing,Rowing Men's Coxed Eights
288,Water Polo,Water Polo Women's Water Polo
289,Water Polo,Water Polo Men's Water Polo
290,Swimming,Swimming Men's 4 x 100 metres Freestyle Relay
291,Swimming,Swimming Men's 4 x 100 metres Medley Relay
292,Swimming,Swimming Women's 100 metres Breaststroke
293,Swimming,Swimming Women's 4 x 100 metres Medley Relay
294,Rowing,Rowing Men's Lightweight Coxless Fours
295,Canoeing,"Canoeing Men's Kayak Doubles, 500 metres"
296,Canoeing,"Canoeing Men's Kayak Fours, 1,000 metres"
297,Canoeing,"Canoeing Men's Kayak Fours, 1,000 metres"
298,Swimming,Swimming Women's 200 metres Breaststroke
299,Water Polo,Water Polo Men's Water Polo
300,Water Polo,Water Polo Men's Water Polo
301,Swimming,Swimming Men's 4 x 200 metres Freestyle Relay
302,Swimming,Swimming Men's 4 x 200 metres Freestyle Relay
303,Swimming,Swimming Men's 4 x 200 metres Freestyle Relay
304,Synchronized Swimming,Synchronized Swimming Women's Team
305,Synchronized Swimming,Synchronized Swimming Women's Team
306,Rowing,Rowing Women's Single Sculls
307,Sailing,Sailing Men's Two Person Dinghy
308,Swimming,Swimming Men's 4 x 200 metres Freestyle Relay
309,Sailing,Sailing Mixed Skiff
310,Water Polo,Water Polo Men's Water Polo
311,Synchronized Swimming,Synchronized Swimming Women's Duet
312,Synchronized Swimming,Synchronized Swimming Women's Team
313,Synchronized Swimming,Synchronized Swimming Women's Team
314,Water Polo,Water Polo Men's Water Polo
315,Water Polo,Water Polo Men's Water Polo
316,Swimming,Swimming Men's 100 metres Breaststroke
317,Swimming,Swimming Men's 200 metres Breaststroke
318,Swimming,Swimming Men's 100 metres Breaststroke
319,Swimming,Swimming Men's 200 metres Breaststroke
320,Water Polo,Water Polo Women's Water Polo
321,Swimming,Swimming Men's 4 x 100 metres Freestyle Relay
322,Swimming,Swimming Men's 4 x 200 metres Freestyle Relay
323,Swimming,Swimming Women's 200 metres Individual Medley
324,Swimming,Swimming Women's 400 metres Individual Medley
325,Synchronized Swimming,Synchronized Swimming Women's Team
326,Canoeing,"Canoeing Men's Canadian Singles, 500 metres"
327,Swimming,Swimming Women's 4 x 200 metres Freestyle Relay
328,Water Polo,Water Polo Women's Water Polo
329,Synchronized Swimming,Synchronized Swimming Women's Team
330,Canoeing,"Canoeing Women's Kayak Doubles, 500 metres"
331,Swimming,Swimming Men's 4 x 200 metres Freestyle Relay
332,Rowing,Rowing Women's Quadruple Sculls
333,Rowing,Rowing Women's Quadruple Sculls
334,Rowing,Rowing Women's Quadruple Sculls
335,Canoeing,"Canoeing Women's Kayak Singles, 500 metres"
336,Canoeing,"Canoeing Women's Kayak Fours, 500 metres"
337,Canoeing,"Canoeing Women's Kayak Singles, 500 metres"
338,Canoeing,"Canoeing Women's Kayak Doubles, 500 metres"
339,Canoeing,"Canoeing Women's Kayak Fours, 500 metres"
340,Rowing,Rowing Women's Quadruple Sculls
341,Swimming,Swimming Men's 100 metres Backstroke
342,Swimming,Swimming Men's 200 metres Backstroke
343,Swimming,Swimming Men's 4 x 100 metres Medley Relay
344,Swimming,Swimming Men's 4 x 100 metres Medley Relay
345,Rowing,Rowing Men's Coxed Eights
346,Canoeing,"Canoeing Men's Canadian Doubles, 1,000 metres"
347,Rowing,Rowing Men's Lightweight Coxless Fours
348,Swimming,Swimming Women's 50 metres Freestyle
349,Swimming,Swimming Women's 100 metres Freestyle
350,Rowing,Rowing Men's Lightweight Double Sculls
351,Rowing,Rowing Men's Coxed Eights
352,Sailing,Sailing Women's Skiff
353,Canoeing,"Canoeing Men's Canadian Doubles, 1,000 metres"
354,Synchronized Swimming,Synchronized Swimming Women's Team
355,Canoeing,"Canoeing Men's Kayak Singles, 1,000 metres"
356,Swimming,Swimming Women's 4 x 100 metres Medley Relay
357,Diving,Diving Men's Synchronized Springboard
358,Swimming,Swimming Men's 200 metres Butterfly
359,Swimming,Swimming Men's 4 x 100 metres Freestyle Relay
360,Swimming,Swimming Women's 100 metres Butterfly
361,Swimming,Swimming Women's 4 x 100 metres Medley Relay
362,Swimming,Swimming Women's 4 x 100 metres Freestyle Relay
363,Swimming,Swimming Men's 4 x 100 metres Freestyle Relay
364,Swimming,Swimming Men's 4 x 100 metres Medley Relay
365,Swimming,Swimming Men's 4 x 100 metres Medley Relay
366,Canoeing,"Canoeing Men's Kayak Fours, 1,000 metres"
367,Rowing,Rowing Women's Quadruple Sculls
368,Rowing,Rowing Men's Coxed Eights
369,Diving,Diving Men's Synchronized Platform
370,Rowing,Rowing Women's Coxed Eights
371,Rowing,Rowing Women's Coxed Eights
372,Rowing,Rowing Men's Coxed Eights
373,Canoeing,"Canoeing Men's Kayak Fours, 1,000 metres"
374,Swimming,Swimming Men's 4 x 200 metres Freestyle Relay
375,Swimming,Swimming Men's 4 x 200 metres Freestyle Relay
376,Swimming,Swimming Men's 200 metres Backstroke
377,Swimming,Swimming Men's 4 x 200 metres Freestyle Relay
378,Swimming,Swimming Men's 400 metres Individual Medley
379,Rowing,Rowing Women's Coxed Eights
380,Rowing,Rowing Women's Coxed Eights
381,Rowing,Rowing Women's Coxed Eights
382,Rowing,Rowing Women's Coxed Eights
383,Rowing,Rowing Men's Coxless Fours
384,Diving,Diving Men's Synchronized Platform
385,Swimming,Swimming Women's 100 metres Breaststroke
386,Diving,Diving Men's Synchronized Springboard
387,Rowing,Rowing Women's Quadruple Sculls
388,Swimming,Swimming Women's 4 x 200 metres Freestyle Relay
389,Rowing,Rowing Women's Double Sculls
390,Water Polo,Water Polo Men's Water Polo
391,Water Polo,Water Polo Men's Water Polo
392,Canoeing,"Canoeing Men's Kayak Fours, 1,000 metres"
393,Swimming,Swimming Men's 200 metres Butterfly
394,Swimming,Swimming Men's 50 metres Freestyle
395,Water Polo,Water Polo Men's Water Polo
396,Swimming,Swimming Women's 100 metres Freestyle
397,Swimming,Swimming Women's 4 x 100 metres Medley Relay
398,Water Polo,Water Polo Men's Water Polo
399,Swimming,Swimming Women's 4 x 200 metres Freestyle Relay
400,Canoeing,"Canoeing Men's Canadian Singles, Slalom"
401,Sailing,Sailing Mixed Skiff
402,Water Polo,Water Polo Women's Water Polo
403,Water Polo,Water Polo Women's Water Polo
404,Water Polo,Water Polo Women's Water Polo
405,Swimming,Swimming Men's 4 x 100 metres Medley Relay
406,Canoeing,"Canoeing Men's Kayak Singles, 200 metres"
407,Swimming,Swimming Women's 4 x 100 metres Freestyle Relay
408,Swimming,Swimming Men's 4 x 200 metres Freestyle Relay
409,Diving,Diving Men's Synchronized Springboard
410,Swimming,Swimming Women's 4 x 100 metres Medley Relay
411,Swimming,"Swimming Men's 1,500 metres Freestyle"
412,Swimming,Swimming Men's 10 kilometres Open Water
413,Canoeing,"Canoeing Men's Canadian Doubles, 500 metres"
414,Sailing,Sailing Women's Windsurfer
415,Diving,Diving Women's Platform
416,Rowing,Rowing Women's Coxed Eights
417,Swimming,Swimming Men's 4 x 100 metres Medley Relay
418,Water Polo,Water Polo Women's Water Polo
419,Sailing,Sailing Women's Two Person Dinghy
420,Water Polo,Water Polo Women's Water Polo
421,Diving,Diving Men's Platform
422,Water Polo,Water Polo Men's Water Polo
423,Canoeing,"Canoeing Men's Kayak Singles, Slalom"
424,Water Polo,Water Polo Men's Water Polo
425,Water Polo,Water Polo Men's Water Polo
426,Swimming,Swimming Men's 4 x 100 metres Medley Relay
427,Rowing,Rowing Men's Lightweight Coxless Fours
428,Canoeing,"Canoeing Women's Kayak Fours, 500 metres"
429,Swimming,Swimming Women's 400 metres Freestyle
430,Rowing,Rowing Men's Coxed Eights
431,Swimming,Swimming Men's 100 metres Backstroke
432,Swimming,Swimming Men's 200 metres Backstroke
433,Swimming,Swimming Men's 4 x 100 metres Medley Relay
434,Water Polo,Water Polo Men's Water Polo
435,Rowing,Rowing Women's Coxed Eights
436,Water Polo,Water Polo Women's Water Polo
437,Rowing,Rowing Men's Coxless Fours
438,Swimming,Swimming Men's 4 x 100 metres Freestyle Relay
439,Water Polo,Water Polo Women's Water Polo
440,Canoeing,"Canoeing Men's Kayak Doubles, 1,000 metres"
441,Canoeing,"Canoeing Women's Kayak Fours, 500 metres"
442,Synchronized Swimming,Synchronized Swimming Women's Team
443,Synchronized Swimming,Synchronized Swimming Women's Team
444,Water Polo,Water Polo Men's Water Polo
445,Swimming,Swimming Women's 200 metres Freestyle
446,Canoeing,"Canoeing Men's Canadian Singles, 500 metres"
447,Canoeing,"Canoeing Men's Kayak Doubles, 1,000 metres"
448,Canoeing,"Canoeing Women's Kayak Singles, 500 metres"
449,Sailing,Sailing Men's Skiff
450,Synchronized Swimming,Synchronized Swimming Women's Team
451,Diving,Diving Women's Synchronized Springboard
452,Swimming,"Swimming Men's 1,500 metres Freestyle"
453,Rowing,Rowing Women's Coxed Eights
454,Sailing,Sailing Women's Two Person Dinghy
455,Synchronized Swimming,Synchronized Swimming Women's Team
456,Synchronized Swimming,Synchronized Swimming Women's Team
457,Rowing,Rowing Women's Lightweight Double Sculls
458,Swimming,Swimming Men's 4 x 100 metres Freestyle Relay
459,Swimming,Swimming Men's 4 x 200 metres Freestyle Relay
460,Swimming,Swimming Men's 100 metres Breaststroke
461,Swimming,Swimming Men's 100 metres Backstroke
462,Swimming,Swimming Men's 200 metres Backstroke
463,Swimming,Swimming Men's 4 x 100 metres Medley Relay
464,Swimming,Swimming Men's 100 metres Backstroke
465,Swimming,Swimming Men's 4 x 100 metres Medley Relay
466,Swimming,Swimming Women's 200 metres Freestyle
467,Diving,Diving Men's Springboard
468,Sailing,Sailing Men's One Person Dinghy
469,Swimming,Swimming Women's 4 x 200 metres Freestyle Relay
470,Canoeing,"Canoeing Men's Kayak Doubles, 500 metres"
471,Synchronized Swimming,Synchronized Swimming Women's Team
472,Canoeing,"Canoeing Men's Kayak Singles, Slalom"
473,Canoeing,"Canoeing Men's Kayak Fours, 1,000 metres"
474,Swimming,Swimming Men's 200 metres Freestyle
475,Swimming,Swimming Men's 4 x 100 metres Freestyle Relay
476,Swimming,Swimming Men's 4 x 200 metres Freestyle Relay
477,Swimming,Swimming Men's 100 metres Butterfly
478,Swimming,Swimming Men's 200 metres Butterfly
479,Swimming,Swimming Men's 200 metres Individual Medley
480,Swimming,Swimming Men's 400 metres Individual Medley
481,Swimming,Swimming Men's 4 x 100 metres Medley Relay
482,Swimming,Swimming Men's 4 x 200 metres Freestyle Relay
483,Swimming,Swimming Men's 100 metres Butterfly
484,Swimming,Swimming Men's 200 metres Individual Medley
485,Swimming,Swimming Men's 4 x 100 metres Medley Relay
486,Swimming,Swimming Men's 4 x 100 metres Freestyle Relay
487,Swimming,Swimming Men's 4 x 100 metres Freestyle Relay
488,Rowing,Rowing Men's Coxless Fours
489,Swimming,Swimming Women's 4 x 200 metres Freestyle Relay
490,Rowing,Rowing Women's Lightweight Double Sculls
491,Canoeing,"Canoeing Men's Canadian Doubles, 1,000 metres"
492,Canoeing,"Canoeing Men's Kayak Doubles, 200 metres"
493,Swimming,Swimming Women's 200 metres Freestyle
494,Sailing,Sailing Women's Two Person Dinghy
495,Canoeing,"Canoeing Men's Canadian Doubles, 1,000 metres"
496,Water Polo,Water Polo Men's Water Polo
497,Synchronized Swimming,Synchronized Swimming Women's Team
498,Sailing,Sailing Women's Three Person Keelboat
499,Rowing,Rowing Men's Lightweight Double Sculls
500,Diving,Diving Men's Synchronized Springboard
501,Diving,Diving Men's Synchronized Springboard
502,Water Polo,Water Polo Women's Water Polo
503,Rowing,Rowing Men's Quadruple Sculls
504,Water Polo,Water Polo Men's Water Polo
505,Canoeing,"Canoeing Men's Kayak Doubles, 500 metres"
506,Rowing,Rowing Men's Coxed Eights
507,Sailing,Sailing Women's Two Person Dinghy
508,Rowing,Rowing Men's Coxless Fours
509,Swimming,Swimming Women's 4 x 100 metres Medley Relay
510,Rowing,Rowing Women's Coxed Eights
511,Rowing,Rowing Men's Coxed Eights
512,Canoeing,"Canoeing Women's Kayak Fours, 500 metres"
513,Canoeing,"Canoeing Men's Kayak Doubles, 1,000 metres"
514,Canoeing,"Canoeing Men's Kayak Fours, 1,000 metres"
515,Swimming,Swimming Women's 4 x 200 metres Freestyle Relay
516,Swimming,Swimming Women's 200 metres Individual Medley
517,Swimming,Swimming Women's 400 metres Individual Medley
518,Swimming,Swimming Women's 10 kilometres Open Water
519,Rowing,Rowing Women's Coxed Eights
520,Synchronized Swimming,Synchronized Swimming Women's Duet
521,Synchronized Swimming,Synchronized Swimming Women's Team
522,Synchronized Swimming,Synchronized Swimming Women's Duet
523,Synchronized Swimming,Synchronized Swimming Women's Team
524,Swimming,Swimming Women's 4 x 100 metres Medley Relay
525,Swimming,Swimming Men's 200 metres Individual Medley
526,Water Polo,Water Polo Women's Water Polo
527,Swimming,Swimming Women's 4 x 200 metres Freestyle Relay
528,Rowing,Rowing Men's Coxed Eights
529,Rowing,Rowing Women's Single Sculls
530,Swimming,Swimming Women's 4 x 100 metres Freestyle Relay
531,Sailing,Sailing Men's Two Person Keelboat
532,Swimming,Swimming Women's 4 x 200 metres Freestyle Relay
533,Rowing,Rowing Men's Quadruple Sculls
534,Rowing,Rowing Men's Coxed Eights
535,Rowing,Rowing Men's Coxed Eights
536,Diving,Diving Men's Synchronized Platform
537,Rowing,Rowing Men's Coxless Fours
538,Rowing,Rowing Men's Coxed Eights
539,Swimming,Swimming Women's 4 x 100 metres Medley Relay
540,Swimming,Swimming Women's 4 x 200 metres Freestyle Relay
541,Swimming,Swimming Women's 4 x 100 metres Freestyle Relay
542,Rowing,Rowing Women's Coxed Eights
543,Rowing,Rowing Women's Quadruple Sculls
544,Rowing,Rowing Men's Coxed Eights
545,Canoeing,"Canoeing Men's Kayak Singles, Slalom"
546,Swimming,Swimming Women's 200 metres Freestyle
547,Swimming,Swimming Women's 4 x 200 metres Freestyle Relay
548,Swimming,Swimming Women's 4 x 100 metres Medley Relay
549,Swimming,Swimming Women's 4 x 200 metres Freestyle Relay
550,Swimming,Swimming Men's 4 x 100 metres Freestyle Relay
551,Rowing,Rowing Men's Quadruple Sculls
552,Rowing,Rowing Men's Quadruple Sculls
553,Swimming,Swimming Men's 100 metres Butterfly
554,Swimming,Swimming Women's 4 x 100 metres Freestyle Relay
555,Rowing,Rowing Men's Quadruple Sculls
556,Rowing,Rowing Men's Quadruple Sculls
557,Rowing,Rowing Men's Lightweight Coxless Fours
558,Sailing,Sailing Men's One Person Heavyweight Dinghy
559,Swimming,Swimming Women's 4 x 100 metres Freestyle Relay
560,Water Polo,Water Polo Women's Water Polo
561,Water Polo,Water Polo Women's Water Polo
562,Swimming,Swimming Men's 4 x 100 metres Medley Relay
563,Swimming,Swimming Women's 4 x 100 metres Freestyle Relay
564,Swimming,Swimming Women's 4 x 100 metres Medley Relay
565,Diving,Diving Women's Springboard
566,Diving,Diving Women's Synchronized Springboard
567,Swimming,Swimming Women's 800 metres Freestyle
568,Swimming,Swimming Men's 4 x 100 metres Medley Relay
569,Synchronized Swimming,Synchronized Swimming Women's Team
570,Synchronized Swimming,Synchronized Swimming Women's Team
571,Rowing,Rowing Women's Coxed Eights
572,Synchronized Swimming,Synchronized Swimming Women's Team
573,Synchronized Swimming,Synchronized Swimming Women's Team
574,Synchronized Swimming,Synchronized Swimming Women's Team
575,Sailing,Sailing Men's Windsurfer
576,Water Polo,Water Polo Women's Water Polo
577,Rowing,Rowing Women's Coxed Eights
578,Rowing,Rowing Men's Double Sculls
579,Rowing,Rowing Men's Double Sculls
580,Diving,Diving Men's Synchronized Springboard
581,Swimming,Swimming Women's 100 metres Butterfly
582,Sailing,Sailing Men's One Person Dinghy
583,Water Polo,Water Polo Women's Water Polo
584,Swimming,Swimming Men's 4 x 200 metres Freestyle Relay
585,Canoeing,"Canoeing Men's Kayak Fours, 1,000 metres"
586,Rowing,Rowing Men's Lightweight Coxless Fours
587,Swimming,Swimming Women's 4 x 200 metres Freestyle Relay
588,Swimming,Swimming Women's 4 x 100 metres Medley Relay
589,Rowing,Rowing Women's Coxed Eights
590,Swimming,Swimming Women's 200 metres Breaststroke
591,Swimming,Swimming Women's 200 metres Breaststroke
592,Swimming,Swimming Women's 4 x 100 metres Medley Relay
593,Rowing,Rowing Men's Double Sculls
594,Rowing,Rowing Women's Coxless Pairs
595,Swimming,Swimming Women's 50 metres Freestyle
596,Swimming,Swimming Women's 100 metres Freestyle
597,Water Polo,Water Polo Women's Water Polo
598,Water Polo,Water Polo Women's Water Polo
599,Water Polo,Water Polo Men's Water Polo
600,Water Polo,Water Polo Men's Water Polo
601,Water Polo,Water Polo Men's Water Polo
602,Canoeing,"Canoeing Men's Kayak Fours, 1,000 metres"
603,Canoeing,"Canoeing Men's Kayak Doubles, 500 metres"
604,Canoeing,"Canoeing Men's Kayak Fours, 1,000 metres"
605,Canoeing,"Canoeing Men's Kayak Fours, 1,000 metres"
606,Sailing,Sailing Women's Two Person Dinghy
607,Swimming,Swimming Men's 4 x 100 metres Freestyle Relay
608,Water Polo,Water Polo Men's Water Polo
609,Rowing,Rowing Men's Double Sculls
610,Swimming,Swimming Men's 400 metres Freestyle
611,Swimming,"Swimming Men's 1,500 metres Freestyle"
612,Swimming,Swimming Men's 200 metres Freestyle
613,Sailing,Sailing Women's One Person Dinghy
614,Rowing,Rowing Women's Coxed Eights
615,Rowing,Rowing Women's Coxless Pairs
616,Rowing,Rowing Women's Coxed Eights
617,Rowing,Rowing Men's Quadruple Sculls
618,Rowing,Rowing Men's Lightweight Double Sculls
619,Canoeing,"Canoeing Women's Kayak Fours, 500 metres"
620,Canoeing,"Canoeing Women's Kayak Doubles, 500 metres"
621,Canoeing,"Canoeing Women's Kayak Fours, 500 metres"
622,Water Polo,Water Polo Men's Water Polo
623,Water Polo,Water Polo Men's Water Polo
624,Water Polo,Water Polo Men's Water Polo
625,Rowing,Rowing Women's Lightweight Double Sculls
626,Rowing,Rowing Women's Quadruple Sculls
627,Swimming,Swimming Women's 4 x 100 metres Freestyle Relay
628,Swimming,Swimming Women's 4 x 100 metres Medley Relay
629,Rowing,Rowing Women's Quadruple Sculls
630,Swimming,Swimming Men's 4 x 200 metres Freestyle Relay
631,Swimming,Swimming Men's 4 x 100 metres Medley Relay
632,Swimming,Swimming Women's 4 x 100 metres Freestyle Relay
633,Swimming,Swimming Women's 100 metres Butterfly
634,Swimming,Swimming Women's 4 x 100 metres Medley Relay
635,Rowing,Rowing Men's Lightweight Coxless Fours
636,Swimming,Swimming Women's 4 x 100 metres Freestyle Relay
637,Swimming,Swimming Women's 4 x 200 metres Freestyle Relay
638,Swimming,Swimming Women's 4 x 100 metres Medley Relay
639,Swimming,Swimming Men's 200 metres Freestyle
640,Swimming,Swimming Men's 400 metres Freestyle
641,Diving,Diving Men's Platform
642,Diving,Diving Men's Synchronized Platform
643,Synchronized Swimming,Synchronized Swimming Women's Team
644,Synchronized Swimming,Synchronized Swimming Women's Team
645,Canoeing,"Canoeing Men's Kayak Doubles, 200 metres"
646,Sailing,Sailing Women's Three Person Keelboat
647,Water Polo,Water Polo Women's Water Polo
648,Rowing,Rowing Men's Lightweight Coxless Fours
649,Rowing,Rowing Men's Coxed Eights
650,Rowing,Rowing Men's Coxless Fours
651,Rowing,Rowing Men's Single Sculls
652,Sailing,Sailing Men's Skiff
653,Sailing,Sailing Women's One Person Dinghy
654,Sailing,Sailing Men's Two Person Dinghy
655,Canoeing,"Canoeing Men's Canadian Singles, 1,000 metres"
656,Water Polo,Water Polo Women's Water Polo
657,Water Polo,Water Polo Women's Water Polo
658,Swimming,Swimming Men's 100 metres Freestyle
659,Swimming,Swimming Men's 200 metres Freestyle
660,Swimming,Swimming Men's 100 metres Freestyle
661,Swimming,Swimming Men's 100 metres Breaststroke
662,Swimming,Swimming Men's 10 kilometres Open Water
663,Swimming,Swimming Women's 4 x 100 metres Freestyle Relay
664,Swimming,Swimming Women's 4 x 100 metres Medley Relay
665,Canoeing,"Canoeing Men's Kayak Singles, 500 metres"
666,Sailing,Sailing Men's Windsurfer
667,Sailing,Sailing Men's Windsurfer
668,Swimming,Swimming Women's 4 x 100 metres Freestyle Relay
669,Swimming,Swimming Women's 10 kilometres Open Water
670,Swimming,Swimming Men's 4 x 200 metres Freestyle Relay
671,Swimming,Swimming Men's 4 x 200 metres Freestyle Relay
672,Canoeing,"Canoeing Men's Canadian Doubles, 1,000 metres"
673,Water Polo,Water Polo Men's Water Polo
674,Water Polo,Water Polo Men's Water Polo
675,Water Polo,Water Polo Men's Water Polo
676,Water Polo,Water Polo Men's Water Polo
677,Water Polo,Water Polo Men's Water Polo
678,Water Polo,Water Polo Men's Water Polo
679,Synchronized Swimming,Synchronized Swimming Women's Team
680,Synchronized Swimming,Synchronized Swimming Women's Team
681,Swimming,Swimming Women's 4 x 100 metres Freestyle Relay
682,Swimming,Swimming Men's 4 x 200 metres Freestyle Relay
683,Canoeing,"Canoeing Men's Kayak Fours, 1,000 metres"
684,Canoeing,"Canoeing Men's Kayak Fours, 1,000 metres"
685,Rowing,Rowing Men's Double Sculls
686,Swimming,Swimming Women's 4 x 200 metres Freestyle Relay
687,Swimming,Swimming Women's 100 metres Butterfly
688,Swimming,Swimming Women's 4 x 100 metres Medley Relay
689,Swimming,Swimming Women's 4 x 100 metres Medley Relay
690,Rowing,Rowing Men's Coxed Eights
691,Swimming,Swimming Women's 4 x 200 metres Freestyle Relay
692,Rowing,Rowing Men's Single Sculls
693,Canoeing,"Canoeing Women's Kayak Doubles, 500 metres"
694,Canoeing,"Canoeing Women's Kayak Fours, 500 metres"
695,Canoeing,"Canoeing Women's Kayak Fours, 500 metres"
696,Swimming,Swimming Men's 4 x 100 metres Medley Relay
697,Swimming,Swimming Men's 4 x 100 metres Medley Relay
698,Canoeing,"Canoeing Men's Kayak Singles, 500 metres"
699,Swimming,Swimming Men's 4 x 200 metres Freestyle Relay
700,Canoeing,"Canoeing Men's Kayak Singles, 1,000 metres"
701,Diving,Diving Men's Synchronized Springboard
702,Sailing,Sailing Mixed Skiff
703,Rowing,Rowing Men's Quadruple Sculls
704,Canoeing,"Canoeing Women's Kayak Fours, 500 metres"
705,Sailing,Sailing Women's Three Person Keelboat
706,Canoeing,"Canoeing Women's Kayak Doubles, 500 metres"
707,Swimming,Swimming Men's 4 x 100 metres Freestyle Relay
708,Swimming,Swimming Men's 4 x 100 metres Medley Relay
709,Water Polo,Water Polo Women's Water Polo
710,Swimming,Swimming Men's 10 kilometres Open Water
711,Rowing,Rowing Men's Quadruple Sculls
712,Water Polo,Water Polo Women's Water Polo
713,Rowing,Rowing Men's Coxed Eights
714,Rowing,Rowing Women's Coxed Eights
715,Swimming,Swimming Women's 4 x 100 metres Medley Relay
716,Canoeing,"Canoeing Men's Kayak Doubles, 500 metres"
717,Swimming,Swimming Men's 4 x 100 metres Freestyle Relay
718,Rowing,Rowing Men's Coxed Eights
719,Diving,Diving Women's Platform
720,Rowing,Rowing Men's Coxless Fours
721,Sailing,Sailing Men's Two Person Dinghy
722,Swimming,Swimming Women's 4 x 100 metres Freestyle Relay
723,Sailing,Sailing Women's Three Person Keelboat
724,Water Polo,Water Polo Women's Water Polo
725,Water Polo,Water Polo Women's Water Polo
726,Swimming,Swimming Women's 4 x 100 metres Medley Relay
727,Diving,Diving Women's Synchronized Springboard
728,Diving,Diving Women's Springboard
729,Diving,Diving Women's Synchronized Springboard
730,Canoeing,"Canoeing Men's Canadian Doubles, 1,000 metres"
731,Rowing,Rowing Women's Quadruple Sculls
732,Diving,Diving Men's Synchronized Springboard
733,Diving,Diving Men's Springboard
734,Diving,Diving Men's Synchronized Springboard
735,Sailing,Sailing Women's One Person Dinghy
736,Diving,Diving Men's Synchronized Platform
737,Canoeing,"Canoeing Men's Canadian Doubles, 500 metres"
738,Canoeing,"Canoeing Men's Canadian Doubles, 500 metres"
739,Synchronized Swimming,Synchronized Swimming Women's Duet
740,Synchronized Swimming,Synchronized Swimming Women's Team
741,Synchronized Swimming,Synchronized Swimming Women's Duet
742,Synchronized Swimming,Synchronized Swimming Women's Team
743,Sailing,Sailing Women's Windsurfer
744,Diving,Diving Men's Springboard
745,Water Polo,Water Polo Women's Water Polo
